"","treatment","phyto","bkgrd","reps","combos"
"1","C","ACAM","ACAM",9,"ACAM_ACAM_C"
"2","C","ACAM","AMME",5,"ACAM_AMME_C"
"3","C","ACAM","ANAR",4,"ACAM_ANAR_C"
"4","C","ACAM","AVBA",8,"ACAM_AVBA_C"
"5","C","ACAM","BRHO",3,"ACAM_BRHO_C"
"6","C","ACAM","BRNI",6,"ACAM_BRNI_C"
"7","C","ACAM","CESO",2,"ACAM_CESO_C"
"8","C","ACAM","CLPU",4,"ACAM_CLPU_C"
"9","C","ACAM","GITR",5,"ACAM_GITR_C"
"10","C","ACAM","LENI",7,"ACAM_LENI_C"
"11","C","ACAM","LOMU",4,"ACAM_LOMU_C"
"12","C","ACAM","MAEL",5,"ACAM_MAEL_C"
"13","C","ACAM","MICA",5,"ACAM_MICA_C"
"14","C","ACAM","PLER",8,"ACAM_PLER_C"
"15","C","ACAM","PLNO",6,"ACAM_PLNO_C"
"16","C","ACAM","TACA",4,"ACAM_TACA_C"
"17","C","ACAM","THIR",2,"ACAM_THIR_C"
"18","C","ACAM","TWIL",5,"ACAM_TWIL_C"
"19","C","AMME","ACAM",2,"AMME_ACAM_C"
"20","C","AMME","AMME",10,"AMME_AMME_C"
"21","C","AMME","ANAR",5,"AMME_ANAR_C"
"22","C","AMME","AVBA",4,"AMME_AVBA_C"
"23","C","AMME","BRHO",6,"AMME_BRHO_C"
"24","C","AMME","BRNI",5,"AMME_BRNI_C"
"25","C","AMME","CESO",2,"AMME_CESO_C"
"26","C","AMME","CLPU",4,"AMME_CLPU_C"
"27","C","AMME","GITR",3,"AMME_GITR_C"
"28","C","AMME","LENI",5,"AMME_LENI_C"
"29","C","AMME","LOMU",4,"AMME_LOMU_C"
"30","C","AMME","MAEL",3,"AMME_MAEL_C"
"31","C","AMME","MICA",5,"AMME_MICA_C"
"32","C","AMME","PLER",3,"AMME_PLER_C"
"33","C","AMME","PLNO",3,"AMME_PLNO_C"
"34","C","AMME","TACA",3,"AMME_TACA_C"
"35","C","AMME","THIR",3,"AMME_THIR_C"
"36","C","AMME","TWIL",2,"AMME_TWIL_C"
"37","C","ANAR","ACAM",9,"ANAR_ACAM_C"
"38","C","ANAR","AMME",9,"ANAR_AMME_C"
"39","C","ANAR","ANAR",10,"ANAR_ANAR_C"
"40","C","ANAR","AVBA",8,"ANAR_AVBA_C"
"41","C","ANAR","BRHO",5,"ANAR_BRHO_C"
"42","C","ANAR","BRNI",12,"ANAR_BRNI_C"
"43","C","ANAR","CESO",8,"ANAR_CESO_C"
"44","C","ANAR","CLPU",11,"ANAR_CLPU_C"
"45","C","ANAR","GITR",7,"ANAR_GITR_C"
"46","C","ANAR","LENI",9,"ANAR_LENI_C"
"47","C","ANAR","LOMU",10,"ANAR_LOMU_C"
"48","C","ANAR","MAEL",13,"ANAR_MAEL_C"
"49","C","ANAR","MICA",7,"ANAR_MICA_C"
"50","C","ANAR","PLER",8,"ANAR_PLER_C"
"51","C","ANAR","PLNO",10,"ANAR_PLNO_C"
"52","C","ANAR","TACA",8,"ANAR_TACA_C"
"53","C","ANAR","THIR",12,"ANAR_THIR_C"
"54","C","ANAR","TWIL",11,"ANAR_TWIL_C"
"55","C","AVBA","AMME",3,"AVBA_AMME_C"
"56","C","AVBA","ANAR",4,"AVBA_ANAR_C"
"57","C","AVBA","AVBA",9,"AVBA_AVBA_C"
"58","C","AVBA","BRHO",4,"AVBA_BRHO_C"
"59","C","AVBA","BRNI",1,"AVBA_BRNI_C"
"60","C","AVBA","CESO",2,"AVBA_CESO_C"
"61","C","AVBA","CLPU",3,"AVBA_CLPU_C"
"62","C","AVBA","GITR",3,"AVBA_GITR_C"
"63","C","AVBA","LENI",4,"AVBA_LENI_C"
"64","C","AVBA","LOMU",1,"AVBA_LOMU_C"
"65","C","AVBA","MAEL",2,"AVBA_MAEL_C"
"66","C","AVBA","MICA",3,"AVBA_MICA_C"
"67","C","AVBA","PLER",3,"AVBA_PLER_C"
"68","C","AVBA","PLNO",3,"AVBA_PLNO_C"
"69","C","AVBA","TACA",2,"AVBA_TACA_C"
"70","C","AVBA","THIR",2,"AVBA_THIR_C"
"71","C","AVBA","TWIL",3,"AVBA_TWIL_C"
"72","C","BRHO","ACAM",11,"BRHO_ACAM_C"
"73","C","BRHO","AMME",10,"BRHO_AMME_C"
"74","C","BRHO","ANAR",10,"BRHO_ANAR_C"
"75","C","BRHO","AVBA",14,"BRHO_AVBA_C"
"76","C","BRHO","BRHO",10,"BRHO_BRHO_C"
"77","C","BRHO","BRNI",11,"BRHO_BRNI_C"
"78","C","BRHO","CESO",9,"BRHO_CESO_C"
"79","C","BRHO","CLPU",11,"BRHO_CLPU_C"
"80","C","BRHO","GITR",11,"BRHO_GITR_C"
"81","C","BRHO","LENI",9,"BRHO_LENI_C"
"82","C","BRHO","LOMU",10,"BRHO_LOMU_C"
"83","C","BRHO","MAEL",10,"BRHO_MAEL_C"
"84","C","BRHO","MICA",10,"BRHO_MICA_C"
"85","C","BRHO","PLER",11,"BRHO_PLER_C"
"86","C","BRHO","PLNO",11,"BRHO_PLNO_C"
"87","C","BRHO","TACA",10,"BRHO_TACA_C"
"88","C","BRHO","THIR",12,"BRHO_THIR_C"
"89","C","BRHO","TWIL",12,"BRHO_TWIL_C"
"90","C","BRNI","ACAM",7,"BRNI_ACAM_C"
"91","C","BRNI","AMME",10,"BRNI_AMME_C"
"92","C","BRNI","ANAR",6,"BRNI_ANAR_C"
"93","C","BRNI","AVBA",6,"BRNI_AVBA_C"
"94","C","BRNI","BRHO",6,"BRNI_BRHO_C"
"95","C","BRNI","BRNI",2,"BRNI_BRNI_C"
"96","C","BRNI","CESO",3,"BRNI_CESO_C"
"97","C","BRNI","CLPU",6,"BRNI_CLPU_C"
"98","C","BRNI","GITR",4,"BRNI_GITR_C"
"99","C","BRNI","LENI",4,"BRNI_LENI_C"
"100","C","BRNI","LOMU",4,"BRNI_LOMU_C"
"101","C","BRNI","MAEL",7,"BRNI_MAEL_C"
"102","C","BRNI","MICA",6,"BRNI_MICA_C"
"103","C","BRNI","PLER",7,"BRNI_PLER_C"
"104","C","BRNI","PLNO",6,"BRNI_PLNO_C"
"105","C","BRNI","TACA",5,"BRNI_TACA_C"
"106","C","BRNI","THIR",9,"BRNI_THIR_C"
"107","C","BRNI","TWIL",7,"BRNI_TWIL_C"
"108","C","CESO","ACAM",9,"CESO_ACAM_C"
"109","C","CESO","AMME",7,"CESO_AMME_C"
"110","C","CESO","ANAR",9,"CESO_ANAR_C"
"111","C","CESO","AVBA",7,"CESO_AVBA_C"
"112","C","CESO","BRHO",9,"CESO_BRHO_C"
"113","C","CESO","BRNI",7,"CESO_BRNI_C"
"114","C","CESO","CESO",9,"CESO_CESO_C"
"115","C","CESO","CLPU",8,"CESO_CLPU_C"
"116","C","CESO","GITR",5,"CESO_GITR_C"
"117","C","CESO","LENI",7,"CESO_LENI_C"
"118","C","CESO","LOMU",8,"CESO_LOMU_C"
"119","C","CESO","MAEL",6,"CESO_MAEL_C"
"120","C","CESO","MICA",8,"CESO_MICA_C"
"121","C","CESO","PLER",6,"CESO_PLER_C"
"122","C","CESO","PLNO",8,"CESO_PLNO_C"
"123","C","CESO","TACA",7,"CESO_TACA_C"
"124","C","CESO","THIR",4,"CESO_THIR_C"
"125","C","CESO","TWIL",7,"CESO_TWIL_C"
"126","C","CLPU","ACAM",3,"CLPU_ACAM_C"
"127","C","CLPU","AMME",1,"CLPU_AMME_C"
"128","C","CLPU","ANAR",4,"CLPU_ANAR_C"
"129","C","CLPU","BRNI",3,"CLPU_BRNI_C"
"130","C","CLPU","CESO",2,"CLPU_CESO_C"
"131","C","CLPU","CLPU",9,"CLPU_CLPU_C"
"132","C","CLPU","GITR",1,"CLPU_GITR_C"
"133","C","CLPU","LENI",1,"CLPU_LENI_C"
"134","C","CLPU","LOMU",2,"CLPU_LOMU_C"
"135","C","CLPU","MAEL",4,"CLPU_MAEL_C"
"136","C","CLPU","MICA",3,"CLPU_MICA_C"
"137","C","CLPU","PLER",3,"CLPU_PLER_C"
"138","C","CLPU","PLNO",6,"CLPU_PLNO_C"
"139","C","CLPU","TACA",4,"CLPU_TACA_C"
"140","C","CLPU","THIR",3,"CLPU_THIR_C"
"141","C","CLPU","TWIL",2,"CLPU_TWIL_C"
"142","C","GITR","ACAM",9,"GITR_ACAM_C"
"143","C","GITR","AMME",8,"GITR_AMME_C"
"144","C","GITR","ANAR",7,"GITR_ANAR_C"
"145","C","GITR","AVBA",8,"GITR_AVBA_C"
"146","C","GITR","BRHO",9,"GITR_BRHO_C"
"147","C","GITR","BRNI",9,"GITR_BRNI_C"
"148","C","GITR","CESO",9,"GITR_CESO_C"
"149","C","GITR","CLPU",7,"GITR_CLPU_C"
"150","C","GITR","GITR",9,"GITR_GITR_C"
"151","C","GITR","LENI",8,"GITR_LENI_C"
"152","C","GITR","LOMU",8,"GITR_LOMU_C"
"153","C","GITR","MAEL",9,"GITR_MAEL_C"
"154","C","GITR","MICA",10,"GITR_MICA_C"
"155","C","GITR","PLER",7,"GITR_PLER_C"
"156","C","GITR","PLNO",10,"GITR_PLNO_C"
"157","C","GITR","TACA",9,"GITR_TACA_C"
"158","C","GITR","THIR",9,"GITR_THIR_C"
"159","C","GITR","TWIL",7,"GITR_TWIL_C"
"160","C","LENI","ACAM",10,"LENI_ACAM_C"
"161","C","LENI","AMME",6,"LENI_AMME_C"
"162","C","LENI","ANAR",8,"LENI_ANAR_C"
"163","C","LENI","AVBA",4,"LENI_AVBA_C"
"164","C","LENI","BRHO",7,"LENI_BRHO_C"
"165","C","LENI","BRNI",4,"LENI_BRNI_C"
"166","C","LENI","CESO",8,"LENI_CESO_C"
"167","C","LENI","CLPU",7,"LENI_CLPU_C"
"168","C","LENI","GITR",8,"LENI_GITR_C"
"169","C","LENI","LENI",9,"LENI_LENI_C"
"170","C","LENI","LOMU",7,"LENI_LOMU_C"
"171","C","LENI","MAEL",9,"LENI_MAEL_C"
"172","C","LENI","MICA",10,"LENI_MICA_C"
"173","C","LENI","PLER",8,"LENI_PLER_C"
"174","C","LENI","PLNO",10,"LENI_PLNO_C"
"175","C","LENI","TACA",9,"LENI_TACA_C"
"176","C","LENI","THIR",9,"LENI_THIR_C"
"177","C","LENI","TWIL",10,"LENI_TWIL_C"
"178","C","LOMU","ACAM",8,"LOMU_ACAM_C"
"179","C","LOMU","AMME",10,"LOMU_AMME_C"
"180","C","LOMU","ANAR",8,"LOMU_ANAR_C"
"181","C","LOMU","AVBA",10,"LOMU_AVBA_C"
"182","C","LOMU","BRHO",12,"LOMU_BRHO_C"
"183","C","LOMU","BRNI",8,"LOMU_BRNI_C"
"184","C","LOMU","CESO",10,"LOMU_CESO_C"
"185","C","LOMU","CLPU",10,"LOMU_CLPU_C"
"186","C","LOMU","GITR",12,"LOMU_GITR_C"
"187","C","LOMU","LENI",9,"LOMU_LENI_C"
"188","C","LOMU","LOMU",9,"LOMU_LOMU_C"
"189","C","LOMU","MAEL",8,"LOMU_MAEL_C"
"190","C","LOMU","MICA",10,"LOMU_MICA_C"
"191","C","LOMU","PLER",12,"LOMU_PLER_C"
"192","C","LOMU","PLNO",12,"LOMU_PLNO_C"
"193","C","LOMU","TACA",8,"LOMU_TACA_C"
"194","C","LOMU","THIR",6,"LOMU_THIR_C"
"195","C","LOMU","TWIL",8,"LOMU_TWIL_C"
"196","C","MAEL","ACAM",2,"MAEL_ACAM_C"
"197","C","MAEL","AMME",2,"MAEL_AMME_C"
"198","C","MAEL","ANAR",5,"MAEL_ANAR_C"
"199","C","MAEL","AVBA",2,"MAEL_AVBA_C"
"200","C","MAEL","BRHO",5,"MAEL_BRHO_C"
"201","C","MAEL","BRNI",7,"MAEL_BRNI_C"
"202","C","MAEL","CESO",5,"MAEL_CESO_C"
"203","C","MAEL","CLPU",5,"MAEL_CLPU_C"
"204","C","MAEL","GITR",4,"MAEL_GITR_C"
"205","C","MAEL","LENI",7,"MAEL_LENI_C"
"206","C","MAEL","MAEL",10,"MAEL_MAEL_C"
"207","C","MAEL","MICA",5,"MAEL_MICA_C"
"208","C","MAEL","PLER",4,"MAEL_PLER_C"
"209","C","MAEL","PLNO",4,"MAEL_PLNO_C"
"210","C","MAEL","TACA",7,"MAEL_TACA_C"
"211","C","MAEL","THIR",4,"MAEL_THIR_C"
"212","C","MAEL","TWIL",4,"MAEL_TWIL_C"
"213","C","MICA","ACAM",12,"MICA_ACAM_C"
"214","C","MICA","AMME",9,"MICA_AMME_C"
"215","C","MICA","ANAR",10,"MICA_ANAR_C"
"216","C","MICA","AVBA",13,"MICA_AVBA_C"
"217","C","MICA","BRHO",10,"MICA_BRHO_C"
"218","C","MICA","BRNI",9,"MICA_BRNI_C"
"219","C","MICA","CESO",8,"MICA_CESO_C"
"220","C","MICA","CLPU",7,"MICA_CLPU_C"
"221","C","MICA","GITR",6,"MICA_GITR_C"
"222","C","MICA","LENI",5,"MICA_LENI_C"
"223","C","MICA","LOMU",10,"MICA_LOMU_C"
"224","C","MICA","MAEL",9,"MICA_MAEL_C"
"225","C","MICA","MICA",9,"MICA_MICA_C"
"226","C","MICA","PLER",12,"MICA_PLER_C"
"227","C","MICA","PLNO",9,"MICA_PLNO_C"
"228","C","MICA","TACA",10,"MICA_TACA_C"
"229","C","MICA","THIR",9,"MICA_THIR_C"
"230","C","MICA","TWIL",10,"MICA_TWIL_C"
"231","C","PLER","ACAM",12,"PLER_ACAM_C"
"232","C","PLER","AMME",10,"PLER_AMME_C"
"233","C","PLER","ANAR",10,"PLER_ANAR_C"
"234","C","PLER","AVBA",10,"PLER_AVBA_C"
"235","C","PLER","BRHO",9,"PLER_BRHO_C"
"236","C","PLER","BRNI",7,"PLER_BRNI_C"
"237","C","PLER","CESO",10,"PLER_CESO_C"
"238","C","PLER","CLPU",11,"PLER_CLPU_C"
"239","C","PLER","GITR",8,"PLER_GITR_C"
"240","C","PLER","LENI",9,"PLER_LENI_C"
"241","C","PLER","LOMU",10,"PLER_LOMU_C"
"242","C","PLER","MAEL",10,"PLER_MAEL_C"
"243","C","PLER","MICA",11,"PLER_MICA_C"
"244","C","PLER","PLER",10,"PLER_PLER_C"
"245","C","PLER","PLNO",9,"PLER_PLNO_C"
"246","C","PLER","TACA",9,"PLER_TACA_C"
"247","C","PLER","THIR",8,"PLER_THIR_C"
"248","C","PLER","TWIL",9,"PLER_TWIL_C"
"249","C","PLNO","ACAM",4,"PLNO_ACAM_C"
"250","C","PLNO","AMME",3,"PLNO_AMME_C"
"251","C","PLNO","ANAR",2,"PLNO_ANAR_C"
"252","C","PLNO","AVBA",4,"PLNO_AVBA_C"
"253","C","PLNO","BRHO",3,"PLNO_BRHO_C"
"254","C","PLNO","BRNI",5,"PLNO_BRNI_C"
"255","C","PLNO","CESO",3,"PLNO_CESO_C"
"256","C","PLNO","CLPU",3,"PLNO_CLPU_C"
"257","C","PLNO","GITR",7,"PLNO_GITR_C"
"258","C","PLNO","LENI",6,"PLNO_LENI_C"
"259","C","PLNO","LOMU",5,"PLNO_LOMU_C"
"260","C","PLNO","MAEL",2,"PLNO_MAEL_C"
"261","C","PLNO","MICA",8,"PLNO_MICA_C"
"262","C","PLNO","PLER",3,"PLNO_PLER_C"
"263","C","PLNO","PLNO",10,"PLNO_PLNO_C"
"264","C","PLNO","TACA",2,"PLNO_TACA_C"
"265","C","PLNO","THIR",5,"PLNO_THIR_C"
"266","C","PLNO","TWIL",5,"PLNO_TWIL_C"
"267","C","TACA","ACAM",8,"TACA_ACAM_C"
"268","C","TACA","AMME",10,"TACA_AMME_C"
"269","C","TACA","ANAR",8,"TACA_ANAR_C"
"270","C","TACA","AVBA",8,"TACA_AVBA_C"
"271","C","TACA","BRHO",9,"TACA_BRHO_C"
"272","C","TACA","BRNI",8,"TACA_BRNI_C"
"273","C","TACA","CESO",9,"TACA_CESO_C"
"274","C","TACA","CLPU",7,"TACA_CLPU_C"
"275","C","TACA","GITR",8,"TACA_GITR_C"
"276","C","TACA","LENI",10,"TACA_LENI_C"
"277","C","TACA","LOMU",8,"TACA_LOMU_C"
"278","C","TACA","MAEL",4,"TACA_MAEL_C"
"279","C","TACA","MICA",8,"TACA_MICA_C"
"280","C","TACA","PLER",10,"TACA_PLER_C"
"281","C","TACA","PLNO",9,"TACA_PLNO_C"
"282","C","TACA","TACA",7,"TACA_TACA_C"
"283","C","TACA","THIR",6,"TACA_THIR_C"
"284","C","TACA","TWIL",8,"TACA_TWIL_C"
"285","C","THIR","ACAM",5,"THIR_ACAM_C"
"286","C","THIR","AMME",9,"THIR_AMME_C"
"287","C","THIR","ANAR",10,"THIR_ANAR_C"
"288","C","THIR","AVBA",4,"THIR_AVBA_C"
"289","C","THIR","BRHO",10,"THIR_BRHO_C"
"290","C","THIR","BRNI",7,"THIR_BRNI_C"
"291","C","THIR","CESO",10,"THIR_CESO_C"
"292","C","THIR","CLPU",7,"THIR_CLPU_C"
"293","C","THIR","GITR",6,"THIR_GITR_C"
"294","C","THIR","LENI",8,"THIR_LENI_C"
"295","C","THIR","LOMU",8,"THIR_LOMU_C"
"296","C","THIR","MAEL",10,"THIR_MAEL_C"
"297","C","THIR","MICA",6,"THIR_MICA_C"
"298","C","THIR","PLER",8,"THIR_PLER_C"
"299","C","THIR","PLNO",6,"THIR_PLNO_C"
"300","C","THIR","TACA",8,"THIR_TACA_C"
"301","C","THIR","THIR",10,"THIR_THIR_C"
"302","C","THIR","TWIL",8,"THIR_TWIL_C"
"303","C","TWIL","ACAM",3,"TWIL_ACAM_C"
"304","C","TWIL","AMME",6,"TWIL_AMME_C"
"305","C","TWIL","ANAR",6,"TWIL_ANAR_C"
"306","C","TWIL","AVBA",6,"TWIL_AVBA_C"
"307","C","TWIL","BRHO",3,"TWIL_BRHO_C"
"308","C","TWIL","BRNI",4,"TWIL_BRNI_C"
"309","C","TWIL","CESO",4,"TWIL_CESO_C"
"310","C","TWIL","CLPU",5,"TWIL_CLPU_C"
"311","C","TWIL","GITR",3,"TWIL_GITR_C"
"312","C","TWIL","LENI",2,"TWIL_LENI_C"
"313","C","TWIL","LOMU",6,"TWIL_LOMU_C"
"314","C","TWIL","MAEL",1,"TWIL_MAEL_C"
"315","C","TWIL","MICA",6,"TWIL_MICA_C"
"316","C","TWIL","PLER",3,"TWIL_PLER_C"
"317","C","TWIL","PLNO",4,"TWIL_PLNO_C"
"318","C","TWIL","TACA",4,"TWIL_TACA_C"
"319","C","TWIL","THIR",5,"TWIL_THIR_C"
"320","C","TWIL","TWIL",9,"TWIL_TWIL_C"
"321","D","ACAM","ACAM",10,"ACAM_ACAM_D"
"322","D","ACAM","AMME",6,"ACAM_AMME_D"
"323","D","ACAM","ANAR",7,"ACAM_ANAR_D"
"324","D","ACAM","AVBA",9,"ACAM_AVBA_D"
"325","D","ACAM","BRHO",8,"ACAM_BRHO_D"
"326","D","ACAM","BRNI",8,"ACAM_BRNI_D"
"327","D","ACAM","CESO",6,"ACAM_CESO_D"
"328","D","ACAM","CLPU",6,"ACAM_CLPU_D"
"329","D","ACAM","GITR",6,"ACAM_GITR_D"
"330","D","ACAM","LENI",10,"ACAM_LENI_D"
"331","D","ACAM","LOMU",7,"ACAM_LOMU_D"
"332","D","ACAM","MAEL",5,"ACAM_MAEL_D"
"333","D","ACAM","MICA",8,"ACAM_MICA_D"
"334","D","ACAM","PLER",12,"ACAM_PLER_D"
"335","D","ACAM","PLNO",5,"ACAM_PLNO_D"
"336","D","ACAM","TACA",10,"ACAM_TACA_D"
"337","D","ACAM","THIR",6,"ACAM_THIR_D"
"338","D","ACAM","TWIL",8,"ACAM_TWIL_D"
"339","D","AMME","ACAM",2,"AMME_ACAM_D"
"340","D","AMME","AMME",11,"AMME_AMME_D"
"341","D","AMME","ANAR",4,"AMME_ANAR_D"
"342","D","AMME","AVBA",6,"AMME_AVBA_D"
"343","D","AMME","BRHO",5,"AMME_BRHO_D"
"344","D","AMME","BRNI",5,"AMME_BRNI_D"
"345","D","AMME","CESO",4,"AMME_CESO_D"
"346","D","AMME","CLPU",4,"AMME_CLPU_D"
"347","D","AMME","GITR",5,"AMME_GITR_D"
"348","D","AMME","LENI",5,"AMME_LENI_D"
"349","D","AMME","LOMU",1,"AMME_LOMU_D"
"350","D","AMME","MAEL",5,"AMME_MAEL_D"
"351","D","AMME","MICA",3,"AMME_MICA_D"
"352","D","AMME","PLER",5,"AMME_PLER_D"
"353","D","AMME","PLNO",1,"AMME_PLNO_D"
"354","D","AMME","TACA",7,"AMME_TACA_D"
"355","D","AMME","THIR",5,"AMME_THIR_D"
"356","D","AMME","TWIL",5,"AMME_TWIL_D"
"357","D","ANAR","ACAM",8,"ANAR_ACAM_D"
"358","D","ANAR","AMME",15,"ANAR_AMME_D"
"359","D","ANAR","ANAR",12,"ANAR_ANAR_D"
"360","D","ANAR","AVBA",12,"ANAR_AVBA_D"
"361","D","ANAR","BRHO",9,"ANAR_BRHO_D"
"362","D","ANAR","BRNI",15,"ANAR_BRNI_D"
"363","D","ANAR","CESO",13,"ANAR_CESO_D"
"364","D","ANAR","CLPU",11,"ANAR_CLPU_D"
"365","D","ANAR","GITR",9,"ANAR_GITR_D"
"366","D","ANAR","LENI",6,"ANAR_LENI_D"
"367","D","ANAR","LOMU",9,"ANAR_LOMU_D"
"368","D","ANAR","MAEL",13,"ANAR_MAEL_D"
"369","D","ANAR","MICA",13,"ANAR_MICA_D"
"370","D","ANAR","PLER",10,"ANAR_PLER_D"
"371","D","ANAR","PLNO",8,"ANAR_PLNO_D"
"372","D","ANAR","TACA",8,"ANAR_TACA_D"
"373","D","ANAR","THIR",13,"ANAR_THIR_D"
"374","D","ANAR","TWIL",15,"ANAR_TWIL_D"
"375","D","AVBA","ACAM",1,"AVBA_ACAM_D"
"376","D","AVBA","AMME",1,"AVBA_AMME_D"
"377","D","AVBA","ANAR",3,"AVBA_ANAR_D"
"378","D","AVBA","AVBA",11,"AVBA_AVBA_D"
"379","D","AVBA","BRHO",4,"AVBA_BRHO_D"
"380","D","AVBA","BRNI",1,"AVBA_BRNI_D"
"381","D","AVBA","CESO",3,"AVBA_CESO_D"
"382","D","AVBA","LENI",2,"AVBA_LENI_D"
"383","D","AVBA","LOMU",1,"AVBA_LOMU_D"
"384","D","AVBA","MAEL",1,"AVBA_MAEL_D"
"385","D","AVBA","MICA",3,"AVBA_MICA_D"
"386","D","AVBA","PLER",2,"AVBA_PLER_D"
"387","D","AVBA","TACA",3,"AVBA_TACA_D"
"388","D","AVBA","THIR",1,"AVBA_THIR_D"
"389","D","BRHO","ACAM",12,"BRHO_ACAM_D"
"390","D","BRHO","AMME",12,"BRHO_AMME_D"
"391","D","BRHO","ANAR",14,"BRHO_ANAR_D"
"392","D","BRHO","AVBA",14,"BRHO_AVBA_D"
"393","D","BRHO","BRHO",12,"BRHO_BRHO_D"
"394","D","BRHO","BRNI",10,"BRHO_BRNI_D"
"395","D","BRHO","CESO",14,"BRHO_CESO_D"
"396","D","BRHO","CLPU",13,"BRHO_CLPU_D"
"397","D","BRHO","GITR",11,"BRHO_GITR_D"
"398","D","BRHO","LENI",13,"BRHO_LENI_D"
"399","D","BRHO","LOMU",10,"BRHO_LOMU_D"
"400","D","BRHO","MAEL",12,"BRHO_MAEL_D"
"401","D","BRHO","MICA",11,"BRHO_MICA_D"
"402","D","BRHO","PLER",13,"BRHO_PLER_D"
"403","D","BRHO","PLNO",15,"BRHO_PLNO_D"
"404","D","BRHO","TACA",11,"BRHO_TACA_D"
"405","D","BRHO","THIR",12,"BRHO_THIR_D"
"406","D","BRHO","TWIL",16,"BRHO_TWIL_D"
"407","D","BRNI","ACAM",4,"BRNI_ACAM_D"
"408","D","BRNI","AMME",7,"BRNI_AMME_D"
"409","D","BRNI","ANAR",9,"BRNI_ANAR_D"
"410","D","BRNI","AVBA",7,"BRNI_AVBA_D"
"411","D","BRNI","BRHO",6,"BRNI_BRHO_D"
"412","D","BRNI","BRNI",3,"BRNI_BRNI_D"
"413","D","BRNI","CESO",6,"BRNI_CESO_D"
"414","D","BRNI","CLPU",8,"BRNI_CLPU_D"
"415","D","BRNI","GITR",8,"BRNI_GITR_D"
"416","D","BRNI","LENI",8,"BRNI_LENI_D"
"417","D","BRNI","LOMU",5,"BRNI_LOMU_D"
"418","D","BRNI","MAEL",10,"BRNI_MAEL_D"
"419","D","BRNI","MICA",8,"BRNI_MICA_D"
"420","D","BRNI","PLER",8,"BRNI_PLER_D"
"421","D","BRNI","PLNO",8,"BRNI_PLNO_D"
"422","D","BRNI","TACA",6,"BRNI_TACA_D"
"423","D","BRNI","THIR",9,"BRNI_THIR_D"
"424","D","BRNI","TWIL",6,"BRNI_TWIL_D"
"425","D","CESO","ACAM",9,"CESO_ACAM_D"
"426","D","CESO","AMME",10,"CESO_AMME_D"
"427","D","CESO","ANAR",9,"CESO_ANAR_D"
"428","D","CESO","AVBA",8,"CESO_AVBA_D"
"429","D","CESO","BRHO",12,"CESO_BRHO_D"
"430","D","CESO","BRNI",5,"CESO_BRNI_D"
"431","D","CESO","CESO",12,"CESO_CESO_D"
"432","D","CESO","CLPU",7,"CESO_CLPU_D"
"433","D","CESO","GITR",8,"CESO_GITR_D"
"434","D","CESO","LENI",9,"CESO_LENI_D"
"435","D","CESO","LOMU",9,"CESO_LOMU_D"
"436","D","CESO","MAEL",6,"CESO_MAEL_D"
"437","D","CESO","MICA",11,"CESO_MICA_D"
"438","D","CESO","PLER",9,"CESO_PLER_D"
"439","D","CESO","PLNO",9,"CESO_PLNO_D"
"440","D","CESO","TACA",5,"CESO_TACA_D"
"441","D","CESO","THIR",10,"CESO_THIR_D"
"442","D","CESO","TWIL",9,"CESO_TWIL_D"
"443","D","CLPU","ACAM",4,"CLPU_ACAM_D"
"444","D","CLPU","AMME",4,"CLPU_AMME_D"
"445","D","CLPU","ANAR",2,"CLPU_ANAR_D"
"446","D","CLPU","AVBA",2,"CLPU_AVBA_D"
"447","D","CLPU","BRHO",1,"CLPU_BRHO_D"
"448","D","CLPU","BRNI",3,"CLPU_BRNI_D"
"449","D","CLPU","CESO",2,"CLPU_CESO_D"
"450","D","CLPU","CLPU",10,"CLPU_CLPU_D"
"451","D","CLPU","GITR",1,"CLPU_GITR_D"
"452","D","CLPU","LENI",4,"CLPU_LENI_D"
"453","D","CLPU","LOMU",1,"CLPU_LOMU_D"
"454","D","CLPU","MAEL",4,"CLPU_MAEL_D"
"455","D","CLPU","MICA",3,"CLPU_MICA_D"
"456","D","CLPU","PLER",2,"CLPU_PLER_D"
"457","D","CLPU","PLNO",3,"CLPU_PLNO_D"
"458","D","CLPU","TACA",2,"CLPU_TACA_D"
"459","D","CLPU","THIR",1,"CLPU_THIR_D"
"460","D","CLPU","TWIL",4,"CLPU_TWIL_D"
"461","D","GITR","ACAM",11,"GITR_ACAM_D"
"462","D","GITR","AMME",12,"GITR_AMME_D"
"463","D","GITR","ANAR",8,"GITR_ANAR_D"
"464","D","GITR","AVBA",13,"GITR_AVBA_D"
"465","D","GITR","BRHO",8,"GITR_BRHO_D"
"466","D","GITR","BRNI",8,"GITR_BRNI_D"
"467","D","GITR","CESO",10,"GITR_CESO_D"
"468","D","GITR","CLPU",11,"GITR_CLPU_D"
"469","D","GITR","GITR",12,"GITR_GITR_D"
"470","D","GITR","LENI",11,"GITR_LENI_D"
"471","D","GITR","LOMU",12,"GITR_LOMU_D"
"472","D","GITR","MAEL",10,"GITR_MAEL_D"
"473","D","GITR","MICA",9,"GITR_MICA_D"
"474","D","GITR","PLER",14,"GITR_PLER_D"
"475","D","GITR","PLNO",11,"GITR_PLNO_D"
"476","D","GITR","TACA",11,"GITR_TACA_D"
"477","D","GITR","THIR",11,"GITR_THIR_D"
"478","D","GITR","TWIL",12,"GITR_TWIL_D"
"479","D","LENI","ACAM",10,"LENI_ACAM_D"
"480","D","LENI","AMME",12,"LENI_AMME_D"
"481","D","LENI","ANAR",6,"LENI_ANAR_D"
"482","D","LENI","AVBA",3,"LENI_AVBA_D"
"483","D","LENI","BRHO",8,"LENI_BRHO_D"
"484","D","LENI","BRNI",5,"LENI_BRNI_D"
"485","D","LENI","CESO",8,"LENI_CESO_D"
"486","D","LENI","CLPU",10,"LENI_CLPU_D"
"487","D","LENI","GITR",6,"LENI_GITR_D"
"488","D","LENI","LENI",9,"LENI_LENI_D"
"489","D","LENI","LOMU",10,"LENI_LOMU_D"
"490","D","LENI","MAEL",7,"LENI_MAEL_D"
"491","D","LENI","MICA",10,"LENI_MICA_D"
"492","D","LENI","PLER",9,"LENI_PLER_D"
"493","D","LENI","PLNO",10,"LENI_PLNO_D"
"494","D","LENI","TACA",9,"LENI_TACA_D"
"495","D","LENI","THIR",9,"LENI_THIR_D"
"496","D","LENI","TWIL",11,"LENI_TWIL_D"
"497","D","LOMU","ACAM",12,"LOMU_ACAM_D"
"498","D","LOMU","AMME",9,"LOMU_AMME_D"
"499","D","LOMU","ANAR",11,"LOMU_ANAR_D"
"500","D","LOMU","AVBA",14,"LOMU_AVBA_D"
"501","D","LOMU","BRHO",10,"LOMU_BRHO_D"
"502","D","LOMU","BRNI",10,"LOMU_BRNI_D"
"503","D","LOMU","CESO",11,"LOMU_CESO_D"
"504","D","LOMU","CLPU",12,"LOMU_CLPU_D"
"505","D","LOMU","GITR",7,"LOMU_GITR_D"
"506","D","LOMU","LENI",12,"LOMU_LENI_D"
"507","D","LOMU","LOMU",11,"LOMU_LOMU_D"
"508","D","LOMU","MAEL",11,"LOMU_MAEL_D"
"509","D","LOMU","MICA",10,"LOMU_MICA_D"
"510","D","LOMU","PLER",12,"LOMU_PLER_D"
"511","D","LOMU","PLNO",13,"LOMU_PLNO_D"
"512","D","LOMU","TACA",18,"LOMU_TACA_D"
"513","D","LOMU","THIR",10,"LOMU_THIR_D"
"514","D","LOMU","TWIL",13,"LOMU_TWIL_D"
"515","D","MAEL","ACAM",3,"MAEL_ACAM_D"
"516","D","MAEL","AMME",2,"MAEL_AMME_D"
"517","D","MAEL","ANAR",5,"MAEL_ANAR_D"
"518","D","MAEL","AVBA",4,"MAEL_AVBA_D"
"519","D","MAEL","BRHO",6,"MAEL_BRHO_D"
"520","D","MAEL","BRNI",6,"MAEL_BRNI_D"
"521","D","MAEL","CESO",4,"MAEL_CESO_D"
"522","D","MAEL","CLPU",5,"MAEL_CLPU_D"
"523","D","MAEL","GITR",7,"MAEL_GITR_D"
"524","D","MAEL","LENI",7,"MAEL_LENI_D"
"525","D","MAEL","LOMU",4,"MAEL_LOMU_D"
"526","D","MAEL","MAEL",11,"MAEL_MAEL_D"
"527","D","MAEL","MICA",5,"MAEL_MICA_D"
"528","D","MAEL","PLER",3,"MAEL_PLER_D"
"529","D","MAEL","PLNO",4,"MAEL_PLNO_D"
"530","D","MAEL","TACA",6,"MAEL_TACA_D"
"531","D","MAEL","THIR",4,"MAEL_THIR_D"
"532","D","MAEL","TWIL",3,"MAEL_TWIL_D"
"533","D","MICA","ACAM",11,"MICA_ACAM_D"
"534","D","MICA","AMME",10,"MICA_AMME_D"
"535","D","MICA","ANAR",13,"MICA_ANAR_D"
"536","D","MICA","AVBA",11,"MICA_AVBA_D"
"537","D","MICA","BRHO",10,"MICA_BRHO_D"
"538","D","MICA","BRNI",8,"MICA_BRNI_D"
"539","D","MICA","CESO",9,"MICA_CESO_D"
"540","D","MICA","CLPU",12,"MICA_CLPU_D"
"541","D","MICA","GITR",10,"MICA_GITR_D"
"542","D","MICA","LENI",8,"MICA_LENI_D"
"543","D","MICA","LOMU",11,"MICA_LOMU_D"
"544","D","MICA","MAEL",9,"MICA_MAEL_D"
"545","D","MICA","MICA",11,"MICA_MICA_D"
"546","D","MICA","PLER",13,"MICA_PLER_D"
"547","D","MICA","PLNO",11,"MICA_PLNO_D"
"548","D","MICA","TACA",12,"MICA_TACA_D"
"549","D","MICA","THIR",11,"MICA_THIR_D"
"550","D","MICA","TWIL",10,"MICA_TWIL_D"
"551","D","PLER","ACAM",14,"PLER_ACAM_D"
"552","D","PLER","AMME",11,"PLER_AMME_D"
"553","D","PLER","ANAR",12,"PLER_ANAR_D"
"554","D","PLER","AVBA",13,"PLER_AVBA_D"
"555","D","PLER","BRHO",12,"PLER_BRHO_D"
"556","D","PLER","BRNI",11,"PLER_BRNI_D"
"557","D","PLER","CESO",12,"PLER_CESO_D"
"558","D","PLER","CLPU",7,"PLER_CLPU_D"
"559","D","PLER","GITR",12,"PLER_GITR_D"
"560","D","PLER","LENI",9,"PLER_LENI_D"
"561","D","PLER","LOMU",11,"PLER_LOMU_D"
"562","D","PLER","MAEL",10,"PLER_MAEL_D"
"563","D","PLER","MICA",11,"PLER_MICA_D"
"564","D","PLER","PLER",12,"PLER_PLER_D"
"565","D","PLER","PLNO",12,"PLER_PLNO_D"
"566","D","PLER","TACA",10,"PLER_TACA_D"
"567","D","PLER","THIR",12,"PLER_THIR_D"
"568","D","PLER","TWIL",16,"PLER_TWIL_D"
"569","D","PLNO","ACAM",4,"PLNO_ACAM_D"
"570","D","PLNO","AMME",3,"PLNO_AMME_D"
"571","D","PLNO","ANAR",3,"PLNO_ANAR_D"
"572","D","PLNO","AVBA",4,"PLNO_AVBA_D"
"573","D","PLNO","BRHO",4,"PLNO_BRHO_D"
"574","D","PLNO","BRNI",2,"PLNO_BRNI_D"
"575","D","PLNO","CESO",2,"PLNO_CESO_D"
"576","D","PLNO","CLPU",1,"PLNO_CLPU_D"
"577","D","PLNO","GITR",7,"PLNO_GITR_D"
"578","D","PLNO","LENI",3,"PLNO_LENI_D"
"579","D","PLNO","LOMU",2,"PLNO_LOMU_D"
"580","D","PLNO","MAEL",5,"PLNO_MAEL_D"
"581","D","PLNO","MICA",6,"PLNO_MICA_D"
"582","D","PLNO","PLER",6,"PLNO_PLER_D"
"583","D","PLNO","PLNO",12,"PLNO_PLNO_D"
"584","D","PLNO","TACA",5,"PLNO_TACA_D"
"585","D","PLNO","THIR",5,"PLNO_THIR_D"
"586","D","PLNO","TWIL",4,"PLNO_TWIL_D"
"587","D","TACA","ACAM",8,"TACA_ACAM_D"
"588","D","TACA","AMME",12,"TACA_AMME_D"
"589","D","TACA","ANAR",13,"TACA_ANAR_D"
"590","D","TACA","AVBA",9,"TACA_AVBA_D"
"591","D","TACA","BRHO",12,"TACA_BRHO_D"
"592","D","TACA","BRNI",10,"TACA_BRNI_D"
"593","D","TACA","CESO",8,"TACA_CESO_D"
"594","D","TACA","CLPU",9,"TACA_CLPU_D"
"595","D","TACA","GITR",13,"TACA_GITR_D"
"596","D","TACA","LENI",10,"TACA_LENI_D"
"597","D","TACA","LOMU",9,"TACA_LOMU_D"
"598","D","TACA","MAEL",16,"TACA_MAEL_D"
"599","D","TACA","MICA",10,"TACA_MICA_D"
"600","D","TACA","PLER",19,"TACA_PLER_D"
"601","D","TACA","PLNO",9,"TACA_PLNO_D"
"602","D","TACA","TACA",10,"TACA_TACA_D"
"603","D","TACA","THIR",14,"TACA_THIR_D"
"604","D","TACA","TWIL",10,"TACA_TWIL_D"
"605","D","THIR","ACAM",9,"THIR_ACAM_D"
"606","D","THIR","AMME",8,"THIR_AMME_D"
"607","D","THIR","ANAR",9,"THIR_ANAR_D"
"608","D","THIR","AVBA",8,"THIR_AVBA_D"
"609","D","THIR","BRHO",7,"THIR_BRHO_D"
"610","D","THIR","BRNI",11,"THIR_BRNI_D"
"611","D","THIR","CESO",11,"THIR_CESO_D"
"612","D","THIR","CLPU",8,"THIR_CLPU_D"
"613","D","THIR","GITR",8,"THIR_GITR_D"
"614","D","THIR","LENI",6,"THIR_LENI_D"
"615","D","THIR","LOMU",10,"THIR_LOMU_D"
"616","D","THIR","MAEL",10,"THIR_MAEL_D"
"617","D","THIR","MICA",10,"THIR_MICA_D"
"618","D","THIR","PLER",10,"THIR_PLER_D"
"619","D","THIR","PLNO",9,"THIR_PLNO_D"
"620","D","THIR","TACA",8,"THIR_TACA_D"
"621","D","THIR","THIR",12,"THIR_THIR_D"
"622","D","THIR","TWIL",8,"THIR_TWIL_D"
"623","D","TWIL","ACAM",6,"TWIL_ACAM_D"
"624","D","TWIL","AMME",8,"TWIL_AMME_D"
"625","D","TWIL","ANAR",6,"TWIL_ANAR_D"
"626","D","TWIL","AVBA",2,"TWIL_AVBA_D"
"627","D","TWIL","BRHO",6,"TWIL_BRHO_D"
"628","D","TWIL","BRNI",4,"TWIL_BRNI_D"
"629","D","TWIL","CESO",1,"TWIL_CESO_D"
"630","D","TWIL","CLPU",5,"TWIL_CLPU_D"
"631","D","TWIL","GITR",4,"TWIL_GITR_D"
"632","D","TWIL","LENI",6,"TWIL_LENI_D"
"633","D","TWIL","LOMU",4,"TWIL_LOMU_D"
"634","D","TWIL","MAEL",4,"TWIL_MAEL_D"
"635","D","TWIL","MICA",3,"TWIL_MICA_D"
"636","D","TWIL","PLER",3,"TWIL_PLER_D"
"637","D","TWIL","PLNO",4,"TWIL_PLNO_D"
"638","D","TWIL","TACA",5,"TWIL_TACA_D"
"639","D","TWIL","THIR",6,"TWIL_THIR_D"
"640","D","TWIL","TWIL",12,"TWIL_TWIL_D"
